ID,X,Y,Z,Node,Drawdown_p,Drawdown_r
1,263865.6759,2743783.351,159.0539885,5848,-0.139200387,-0.032607395
2,263773.0215,2743822.869,141.4346586,6566,-0.203498983,-0.102373323
3,263668.635,2743790.531,136.7925098,6733,-0.179024659,-0.118274674
4,263216.0373,2744133.919,122.8788787,7223,-0.070838224,-0.063475154
5,263303.2942,2743999.143,121.3430698,7306,-0.066789949,-0.058332226
6,263545.5599,2743838.107,120.557846,7362,-0.128451166,-0.105679471
7,263738.2578,2743930.031,119.4188066,7448,-0.287672583,-0.191079838
8,263620.4509,2743948.86,118.8626942,7486,-0.282138548,-0.2051228
9,263966.7176,2743885.019,117.3636677,7609,-0.176606492,-0.072094271
10,263662.8822,2744001.916,116.278563,7693,-0.448017968,-0.358927225
11,263842.9547,2743921.076,115.1545058,7775,-0.288411347,-0.155662575
12,263588.2108,2744022.647,114.4619483,7843,-0.515011677,-0.363866983
13,263804.2448,2744016.444,114.0071824,7888,-0.513914848,-0.365892951
14,263754.7792,2744035.708,113.8508071,7910,-0.662516723,-0.469758321
15,263705.3135,2744054.971,113.6944318,7934,-0.757802949,-0.557395335
16,263667.9778,2744065.337,112.7861245,8030,-0.852875212,-0.609493399
17,263730.4275,2744074.717,112.782225,8031,-0.931917355,-0.69072963
18,263866.5866,2744029.315,112.2663231,8089,-0.489076739,-0.324029603
19,263805.0072,2744075.199,112.0263934,8117,-0.798477334,-0.574000098
20,263630.6421,2744075.702,111.8778171,8137,-0.846687757,-0.606635754
21,263755.5416,2744094.463,111.8700182,8138,-1.02145234,-0.796300262
22,263697.2452,2744090.756,111.4623607,8196,-1.063631958,-0.820641297
23,263593.3064,2744086.068,110.9695098,8275,-0.791075409,-0.569543115
24,263780.6556,2744114.209,110.9578113,8277,-1.162760068,-0.915081474
25,263659.9094,2744101.122,110.5540533,8342,-1.169236908,-0.871134428
26,263722.3592,2744110.502,110.5501538,8343,-1.287210782,-1.025273456
27,263928.9285,2744042.186,110.5254638,8350,-0.347165633,-0.189813791
28,263867.349,2744088.07,110.2855341,8395,-0.678558025,-0.471527768
29,263555.9706,2744096.433,110.0612025,8433,-0.69566555,-0.487542099
30,263805.7696,2744133.955,110.0456045,8434,-1.234961969,-0.950728878
31,263622.5737,2744111.487,109.645746,8499,-1.151921893,-0.843051951
32,263747.4732,2744130.248,109.637947,8501,-1.559366046,-1.234004659
33,263430.3891,2743912.777,109.6188438,8504,-0.088961462,-0.073637022
34,263689.1768,2744126.541,109.2302895,8560,-1.616767977,-1.246904603
35,264053.8432,2744126.43,109.164516,8571,-0.181269252,-0.133381383
36,263585.238,2744121.853,108.7374387,8657,-1.034208875,-0.7487332
37,263772.5872,2744149.994,108.7257402,8659,-1.737278299,-1.392893287
38,263836.6307,2744148.609,108.3868872,8707,-1.192819595,-0.872831239
39,263519.8099,2743964.143,108.3487251,8715,-0.199507738,-0.155941814
40,263651.8411,2744136.907,108.3219822,8723,-1.688977517,-1.280888554
41,263714.2908,2744146.287,108.3180827,8725,-2.025597151,-1.626953117
42,263275.2493,2744158.885,108.1787946,8740,-0.092399346,-0.081785179
43,263804.9861,2744165.862,107.8741313,8806,-1.662223553,-1.298214305
44,263614.5054,2744147.272,107.4136749,8877,-1.560595495,-1.174879739
45,263739.4048,2744166.033,107.4058759,8878,-2.493976425,-2.019701742
46,263549.1075,2744139.007,107.3753885,8885,-0.923666375,-0.674943268
47,263681.1084,2744162.326,106.9982184,8956,-2.531766769,-1.954726895
48,263929.0712,2744117.379,106.9680994,8968,-0.502526197,-0.322115573
49,263867.4918,2744163.263,106.7281698,9020,-0.983040016,-0.694135328
50,263771.8038,2744181.901,106.554267,9042,-2.519080924,-2.057038936
51,263835.8472,2744180.516,106.2154139,9090,-1.463564098,-1.089340244
52,263643.7727,2744172.692,106.0899111,9110,-2.499437373,-1.883462903
53,263706.2225,2744182.072,106.0860116,9111,-3.440639883,-2.678814568
54,263578.3749,2744164.427,106.0516247,9120,-1.39149101,-1.054346275
55,263804.2027,2744197.769,105.702658,9203,-2.235885431,-1.775952173
56,263515.6539,2744123.6,105.6770598,9204,-0.635343645,-0.448606044
57,263485.9225,2744077.77,105.3518415,9261,-0.39127069,-0.285074874
58,263738.6214,2744197.94,105.2344027,9283,-3.830426145,-3.197433795
59,263673.0401,2744198.111,104.7661473,9359,-4.110702341,-3.051456463
60,263607.6423,2744189.846,104.7278609,9365,-2.209364533,-1.724788101
61,263542.2444,2744181.581,104.6895745,9372,-1.139119222,-0.878253429
62,263866.7083,2744195.171,104.5566966,9398,-1.218698365,-0.834239357
63,263345.5618,2744108.996,104.4106375,9448,-0.120350509,-0.102602528
64,263771.0203,2744213.808,104.3827937,9455,-3.571449384,-3.046430138
65,263835.0638,2744212.423,104.0439407,9529,-1.773142954,-1.347709793
66,263705.439,2744213.979,103.9145383,9550,-6.163797806,-4.085834089
67,263803.4192,2744229.676,103.5311848,9622,-2.920966432,-2.254759765
68,263929.214,2744192.572,103.4107351,9651,-0.576595621,-0.366592866
69,263636.9096,2744215.266,103.4040971,9656,-3.811118319,-2.831132631
70,263571.5118,2744207,103.3658107,9663,-1.751573082,-1.422907434
71,263737.8379,2744229.848,103.0629294,9730,-6.330561725,-5.5885084
72,263508.7908,2744166.174,102.9912458,9745,-0.726201576,-0.550640774
73,263670.8506,2744229.851,102.9582338,9756,-7.103119258,-4.540779085
74,263865.9249,2744227.078,102.3852234,9894,-1.3134835,-0.929307898
75,263770.2368,2744245.716,102.2113205,9931,-4.815015159,-3.914358011
76,263850.1026,2744235.704,102.1288454,9952,-1.600105859,-1.211476076
77,263703.2496,2744245.719,102.1066249,9956,-15.65192812,-8.336389338
78,263600.7792,2744232.42,102.0420469,9972,-2.896678123,-2.474650635
79,263535.3813,2744224.155,102.0037605,9985,-1.297643809,-1.048082113
80,263834.2803,2744244.331,101.8724675,10023,-2.039635015,-1.570205366
81,263818.458,2744252.957,101.6160895,10085,-2.694432648,-2.047047468
82,263634.7202,2744247.005,101.5961836,10087,-5.125451704,-4.329413348
83,263802.6357,2744261.584,101.3597116,10140,-3.427330514,-2.651033435
84,263475.3371,2744150.767,101.2929172,10154,-0.432168324,-0.331507887
85,263735.6485,2744261.587,101.255016,10164,-10.68425066,-7.259594085
86,263668.6612,2744261.591,101.1503204,10197,-13.96757556,-8.499642554
87,263865.4815,2744243.924,100.9614085,10239,-1.382889908,-0.969877858
88,263785.3415,2744269.519,100.8815593,10255,-4.333306748,-3.575147778
89,263849.6592,2744252.55,100.7050306,10311,-1.663051874,-1.246749423
90,263564.6487,2744249.574,100.6799967,10319,-1.917590455,-1.712682487
91,263415.8744,2744059.107,100.6424805,10334,-0.150515974,-0.120551093
92,263801.3762,2744277.232,100.5425098,10362,-3.643417313,-2.82699842
93,263271.69,2744222.669,100.4500641,10384,-0.120499682,-0.10995019
94,263833.8369,2744261.177,100.4486526,10385,-2.066462215,-1.624351896
95,263768.0474,2744277.455,100.4034071,10398,-6.053824714,-4.823228339
96,263334.9764,2744181.993,100.3517133,10417,-0.146832411,-0.127089382
97,263501.9277,2744208.748,100.3054319,10428,-0.782240107,-0.620441103
98,263701.0601,2744277.459,100.2987115,10429,-43.31230867,-14.60540591
99,263598.5897,2744264.16,100.2341334,10453,-3.268272179,-3.035717327
100,263818.0146,2744269.803,100.1922747,10459,-2.75516621,-2.125512875
101,263784.082,2744285.168,100.0643576,10492,-4.584165505,-3.721093123
102,263896.6827,2744243.517,100.0503496,10498,-0.918356338,-0.599562549
103,263750.7532,2744285.391,99.92525482,10533,-8.363126349,-6.516557525
104,263632.5307,2744278.745,99.7882702,10564,-6.255479479,-5.744195114
105,263800.1166,2744292.88,99.72530809,10584,-3.617052524,-2.858115316
106,263766.7878,2744293.104,99.58620533,10623,-5.805852774,-4.951589925
107,263865.0381,2744260.77,99.53759367,10636,-1.326534061,-0.937037584
108,263733.459,2744293.327,99.44710256,10660,-11.36241884,-9.165968392
109,263816.7551,2744285.452,99.37507294,10679,-2.851702214,-2.162012921
110,263666.4718,2744293.331,99.34240696,10685,-12.04807927,-15.07605492
111,263528.5182,2744266.728,99.31794648,10693,-1.215177213,-1.065020485
112,263849.2158,2744269.396,99.28121573,10703,-1.615583242,-1.232692869
113,263782.8225,2744300.816,99.24715584,10718,-4.461517304,-3.692886023
114,263749.4936,2744301.039,99.10805307,10755,-7.481315257,-6.751012789
115,263545.4887,2744274.021,99.09501486,10762,-1.481094115,-1.371737859
116,263833.3936,2744278.023,99.02483779,10778,-2.111879281,-1.609031143
117,263716.1648,2744301.263,98.9689503,10796,-16.25810149,-13.23303468
118,263798.8571,2744308.529,98.90810634,10814,-3.501586202,-2.742221542
119,263562.4592,2744281.314,98.87208325,10825,-1.894527777,-1.787736676
120,263765.5283,2744308.752,98.76900358,10860,-5.478206861,-4.835983774
121,263524.9645,2744283.44,98.73645709,10874,-1.122756005,-0.984938909
122,263989.9884,2744228.127,98.65316897,10898,-0.267838896,-0.200852851
123,263579.4298,2744288.607,98.64915163,10900,-2.451940401,-2.374060412
124,263732.1995,2744308.975,98.62990081,10902,-9.488590306,-10.03221932
125,263468.474,2744193.341,98.60710323,10907,-0.405873435,-0.325387102
126,263815.4955,2744301.1,98.55787119,10920,-2.796693867,-2.082400555
127,263541.935,2744290.732,98.51352547,10932,-1.372229102,-1.267493621
128,263698.8707,2744309.199,98.49079805,10939,-14.02198606,-9.898458318
129,263781.5629,2744316.465,98.42995409,10953,-4.10187154,-3.448826305
130,263596.4003,2744295.899,98.42622001,10956,-3.092195834,-3.138576565
131,263748.2341,2744316.688,98.29085132,11001,-6.559748168,-6.330953123
132,263558.9055,2744298.025,98.29059386,11003,-1.678681802,-1.657203564
133,263832.134,2744293.671,98.20763604,11035,-2.08917566,-1.55826022
134,263613.3708,2744303.192,98.20328839,11037,-3.712147257,-4.286717353
135,263521.4108,2744300.151,98.1549677,11052,-0.972238086,-0.869130663
136,263714.9053,2744316.911,98.15174855,11055,-10.27969294,-9.233114875
137,263864.5948,2744277.616,98.11377883,11065,-1.258630922,-0.899652656
138,263797.5975,2744324.177,98.09090459,11073,-3.185806473,-2.456646676
139,263575.876,2744305.318,98.06766224,11080,-2.140001866,-2.175363422
140,263681.5765,2744317.134,98.01264579,11100,-9.524050755,-9.268761878
141,263630.3413,2744310.485,97.98035677,11107,-4.38068635,-5.858272414
142,263764.2687,2744324.4,97.95180183,11124,-4.746404431,-4.268274918
143,263538.3813,2744307.444,97.93203609,11135,-1.175993041,-1.116798079
144,263848.7725,2744286.242,97.85740089,11153,-1.519233082,-1.146564311
145,263592.8466,2744312.611,97.84473062,11159,-2.673303393,-2.85606756
146,263730.9399,2744324.624,97.81269906,11171,-7.244839442,-6.825888148
147,263647.3118,2744317.778,97.75742515,11187,-5.501522206,-7.971454499
148,263814.236,2744316.748,97.74066944,11199,-2.523944077,-1.894053482
149,263927.4405,2744259.956,97.71547575,11214,-0.465320304,-0.33408276
150,263555.3518,2744314.737,97.70910447,11216,-1.456123908,-1.454654925
151,263697.6111,2744324.847,97.6735963,11229,-8.251074854,-7.818019843
152,263609.8171,2744319.903,97.621799,11249,-3.172558601,-3.719692867
153,263495.0646,2744251.321,97.61961786,11253,-0.744145822,-0.60463585
154,263780.3034,2744332.113,97.61275234,11255,-3.60362404,-2.9566912
155,263517.8571,2744316.863,97.57347832,11268,-0.776223698,-0.707404846
156,263664.2823,2744325.07,97.53449353,11286,-6.137618229,-8.147134287
157,263572.3223,2744322.029,97.48617285,11307,-1.792421457,-1.884180695
158,263746.9746,2744332.336,97.47364957,11315,-5.300792043,-4.83905718
159,263626.7876,2744327.196,97.39886738,11342,-3.673816388,-4.627497418
160,263830.8745,2744309.319,97.39043429,11347,-1.900247798,-1.42158096
161,263534.8276,2744324.155,97.3505467,11366,-0.935203067,-0.914617776
162,263713.6458,2744332.56,97.33454681,11370,-6.967525278,-6.521304276
163,263796.338,2744339.825,97.27370285,11386,-2.622685969,-2.038523141
164,263589.2929,2744329.322,97.26324123,11392,-2.191631635,-2.403824483
165,263895.796,2744277.209,97.20271987,11415,-0.738427465,-0.477925828
166,263680.3169,2744332.783,97.19544404,11417,-6.248752242,-6.905425224
167,263643.7581,2744334.489,97.17593576,11424,-4.234103367,-5.429578187
168,263763.0092,2744340.049,97.13460008,11435,-3.904443642,-3.406221923
169,263551.7981,2744331.448,97.12761508,11438,-1.15940474,-1.188919881
170,263606.2634,2744336.615,97.04030961,11475,-2.580966724,-2.965602936
171,263847.5129,2744301.891,97.04019914,11476,-1.531557287,-1.016040279
172,263729.6804,2744340.272,96.99549731,11493,-5.417788045,-4.982142703
173,263514.3034,2744333.574,96.99198893,11495,-0.510910305,-0.432705407
174,263812.9765,2744332.397,96.92346769,11519,-2.105633711,-1.592479541
175,263568.7686,2744338.741,96.90468346,11524,-1.457824286,-1.511084483
176,263660.9703,2744341.495,96.89220684,11531,-4.606384776,-5.389376814
177,263696.3516,2744340.495,96.85639455,11545,-6.019395042,-5.821775907
178,263623.2339,2744343.908,96.81737799,11556,-2.952544351,-3.482107948
179,263779.0438,2744347.761,96.79555059,11563,-2.886805558,-2.341592531
180,263531.2739,2744340.867,96.76905731,11567,-0.700842524,-0.665404945
181,263864.1514,2744294.462,96.68996398,11592,-1.050206158,-0.685035068
182,263585.7391,2744346.034,96.68175184,11596,-1.759708567,-1.86697004
183,263745.715,2744347.985,96.65644782,11602,-4.09895113,-3.659666665
184,263405.289,2744132.104,96.58355622,11631,-0.208558871,-0.170285206
185,263829.6149,2744324.968,96.57323254,11635,-1.776796783,-1.170553817
186,263677.0049,2744349.208,96.55315735,11638,-4.631122286,-4.856951627
187,263548.2444,2744348.16,96.54612569,11641,-0.865362648,-0.882328625
188,263640.4461,2744350.914,96.53364907,11649,-3.275239451,-3.805904205
189,263712.3862,2744348.208,96.51734506,11654,-5.027192499,-4.731763807
190,263602.7097,2744353.326,96.45882022,11676,-2.045717068,-2.234924018
191,263795.0784,2744355.474,96.4565011,11677,-2.030695902,-1.51853472
192,263510.7497,2744350.286,96.41049954,11698,-0.362870295,-0.312506641
193,263486.7315,2744286.418,96.38661471,11708,-0.500338828,-0.426250148
194,263565.2149,2744355.452,96.32319407,11729,-1.131810998,-1.137957575
195,263761.7496,2744355.697,96.31739833,11733,-3.068265633,-2.572870819
196,263657.6582,2744357.92,96.24992015,11756,-3.462101797,-3.772210246
197,263846.2534,2744317.539,96.22299739,11767,-1.333142053,-0.794887377
198,263693.0395,2744356.92,96.21410786,11774,-4.238290681,-4.158428472
199,263527.7202,2744357.578,96.18756792,11779,-0.402401902,-0.316865748
200,263728.4208,2744355.92,96.17829556,11784,-4.03516643,-3.644664429
201,263619.9218,2744360.332,96.1750913,11787,-2.307864071,-2.551161716
202,263811.7169,2744348.045,96.10626594,11816,-1.787115326,-1.174576695
203,263582.1854,2744362.745,96.10026245,11819,-1.423617611,-1.416707705
204,263777.7843,2744363.41,95.97834884,11863,-2.200617118,-1.694841446
205,263544.6907,2744364.871,95.9646363,11869,-0.471673061,-0.384381282
206,263461.6109,2744235.915,95.92128924,11890,-0.351993787,-0.297558119
207,263673.6929,2744365.632,95.91087066,11894,-3.385964905,-3.415530305
208,263637.134,2744367.339,95.89136238,11901,-2.505449688,-2.697200469
209,263709.0742,2744364.633,95.87505837,11909,-3.656715756,-3.366484397
210,263862.8919,2744310.11,95.87276223,11910,-0.831808319,-0.581214339
211,263744.4555,2744363.633,95.83924607,11923,-3.096774356,-2.653155689
212,263507.196,2744366.997,95.82901015,11927,-0.257867236,-0.236310267
213,263599.3976,2744369.751,95.81653353,11932,-1.614498369,-1.638920559
214,263828.3554,2744340.616,95.75603079,11965,-1.301907992,-0.81195693
215,263561.6612,2744372.164,95.74170468,11972,-0.531132354,-0.500897985
216,263793.8189,2744371.122,95.63929935,12002,-1.506982192,-0.887039518
217,263654.3462,2744374.345,95.60763346,12017,-2.598208689,-2.62740776
218,263524.1665,2744374.29,95.60607853,12018,-0.270754043,-0.249347606
219,263689.7275,2744373.345,95.57182117,12031,-3.060571272,-2.896478404
220,264108.9506,2744233.075,95.53855169,12041,-0.162206175,-0.130567616
221,263725.1088,2744372.345,95.53600887,12043,-3.054126897,-2.561033607
222,263616.6098,2744376.757,95.53280461,12045,-1.763518203,-1.810554268
223,263760.4901,2744371.346,95.50019658,12056,-2.273617448,-1.798276282
224,263578.8734,2744379.17,95.45797576,12067,-0.889607677,-0.818146053
225,263844.9938,2744333.187,95.40579564,12084,-0.838919001,-0.600204002
226,263541.137,2744381.582,95.38314691,12094,-0.327243487,-0.307017585
227,263810.4574,2744363.693,95.28906419,12118,-1.142749899,-0.722449783
228,263670.3808,2744382.057,95.26858397,12122,-2.430077067,-2.332570601
229,263633.822,2744383.763,95.24907569,12127,-1.875030236,-1.861391905
230,263705.7621,2744381.057,95.23277168,12137,-2.691489313,-2.292234398
231,263479.6241,2744319.841,95.22363593,12142,-0.259705249,-0.235446499
232,263741.1434,2744380.058,95.19695938,12154,-2.191009167,-1.770424014
233,263596.0856,2744386.176,95.17424684,12170,-1.152723588,-1.125692817
234,263776.5247,2744379.058,95.16114709,12175,-1.718137918,-1.053658602
235,263558.3492,2744388.589,95.09941799,12186,-0.423608917,-0.397468216
236,263861.6323,2744325.758,95.05556048,12201,-0.651834864,-0.486512992
237,263651.0342,2744390.769,94.96534677,12237,-1.84154011,-1.751420042
238,263827.0958,2744356.264,94.93882904,12244,-0.770596217,-0.567223444
239,263686.4155,2744389.77,94.92953448,12249,-2.044117484,-1.895029972
240,263721.7968,2744388.77,94.89372218,12259,-2.017846744,-1.609798111
241,263613.2978,2744393.182,94.89051792,12261,-1.311907041,-1.22593701
242,263926.5538,2744293.648,94.86784606,12278,-0.403096715,-0.298238573
243,263757.1781,2744387.77,94.85790989,12286,-1.619907617,-1.004346271
244,263792.5593,2744386.771,94.8220976,12302,-0.786537567,-0.560736064
245,263575.5614,2744395.595,94.81568907,12307,-0.595926072,-0.495782411
246,263537.825,2744398.007,94.74086022,12322,-0.263720202,-0.243497324
247,263453.2779,2744271.011,94.68828609,12341,-0.293130929,-0.252820865
248,263500.0885,2744400.42,94.66603137,12358,-0.239808958,-0.220030903
249,263667.0688,2744398.482,94.62629728,12372,-1.735919116,-1.438837021
250,263630.51,2744400.188,94.606789,12378,-1.414827351,-1.191508666
251,263702.4501,2744397.482,94.59048499,12385,-1.746680019,-1.343478289
252,263843.7343,2744348.836,94.58859389,12386,-0.644967004,-0.490760541
253,263737.8314,2744396.483,94.55467269,12399,-1.327086046,-0.919868082
254,263592.7735,2744402.601,94.53196015,12407,-0.848894401,-0.708876214
255,263773.2127,2744395.483,94.5188604,12414,-0.82839367,-0.634740669
256,263809.1978,2744379.342,94.47186244,12433,-0.699554812,-0.523439367
257,263555.0371,2744405.013,94.4571313,12437,-0.329677679,-0.309831137
258,263894.9092,2744310.901,94.35509018,12466,-0.507225961,-0.379610645
259,263647.7221,2744407.194,94.32306008,12477,-1.217240452,-1.003934027
260,263683.1034,2744406.194,94.28724779,12489,-1.316937551,-1.024222662
261,263718.4847,2744405.195,94.25143549,12502,-1.021147336,-0.853312716
262,263609.9857,2744409.607,94.24823123,12506,-0.884903663,-0.731623306
263,263860.3728,2744341.407,94.23835873,12510,-0.54748598,-0.418528562
264,263753.866,2744404.195,94.2156232,12521,-0.850678607,-0.684249725
265,263789.4583,2744402.845,94.20293177,12528,-0.544572232,-0.429428765
266,263572.2493,2744412.019,94.17340238,12545,-0.401000143,-0.363378089
267,263807.6023,2744395.003,94.16255766,12549,-0.520623267,-0.400523718
268,263825.8363,2744371.913,94.12162729,12569,-0.592065569,-0.452380321
269,263534.5129,2744414.432,94.09857353,12579,-0.250277016,-0.23024766
270,263472.5167,2744353.264,94.06065715,12595,-0.236565335,-0.216368505
271,263663.7568,2744414.907,93.98401059,12626,-0.896006493,-0.789994757
272,263627.1979,2744416.613,93.96450231,12635,-0.745069626,-0.679859277
273,263699.1381,2744413.907,93.9481983,12638,-0.908738584,-0.789226735
274,263734.5194,2744412.907,93.912386,12650,-0.792517369,-0.653889168
275,263770.1116,2744411.557,93.89969458,12653,-0.591942187,-0.477750823
276,264050.7627,2744263.682,93.89560281,12655,-0.187612941,-0.150235244
277,263589.4615,2744419.025,93.88967346,12659,-0.468584038,-0.429083181
278,263551.7251,2744421.438,93.81484461,12690,-0.258910856,-0.238211974
279,263824.2408,2744387.574,93.8123225,12694,-0.43344448,-0.344380199
280,263842.4747,2744364.484,93.77139214,12712,-0.523410297,-0.403491163
281,263644.4101,2744423.619,93.68077339,12742,-0.718890147,-0.647567484
282,263679.7914,2744422.619,93.6449611,12755,-0.778332533,-0.690358732
283,263715.1727,2744421.62,93.60914881,12764,-0.720401779,-0.611676284
284,263606.6737,2744426.032,93.60594454,12767,-0.518333902,-0.473210059
285,263750.765,2744420.269,93.59645738,12774,-0.62540844,-0.514758746
286,263786.3572,2744418.919,93.58376595,12780,-0.415328937,-0.340316307
287,263804.5013,2744411.077,93.54339184,12793,-0.408256733,-0.332273782
288,263568.9373,2744428.444,93.53111569,12800,-0.266276437,-0.244445604
289,263822.6453,2744403.235,93.50301772,12818,-0.404511919,-0.326470843
290,263840.8793,2744380.145,93.46208735,12837,-0.416081107,-0.331913168
291,263444.9449,2744306.108,93.45528293,12838,-0.234394018,-0.213397729
292,263859.1132,2744357.055,93.42115698,12849,-0.423271327,-0.334182003
293,263660.4447,2744431.331,93.3417239,12871,-0.657227444,-0.578847643
294,263623.8859,2744433.038,93.32221562,12876,-0.542172504,-0.489298911
295,263695.826,2744430.332,93.30591161,12880,-0.669324439,-0.580187664
296,263731.4183,2744428.981,93.29322018,12882,-0.599715118,-0.505866093
297,263767.0106,2744427.631,93.28052875,12885,-0.482879651,-0.399904665
298,263586.1495,2744435.45,93.24738677,12900,-0.3493826,-0.319164774
299,263839.2838,2744395.806,93.15278257,12942,-0.402690907,-0.323386536
300,263857.5178,2744372.716,93.1118522,12951,-0.402833187,-0.320785377
301,263641.0981,2744440.044,93.0384867,12973,-0.543972893,-0.484714181
302,263676.4794,2744439.044,93.00267441,12987,-0.591379972,-0.521165495
303,263747.6639,2744436.343,92.97729156,12995,-0.502905697,-0.422857825
304,263783.2562,2744434.993,92.96460013,13000,-0.394438339,-0.326014724
305,263603.3617,2744442.456,92.96365785,13003,-0.391398024,-0.356785861
306,263988.2149,2744295.511,92.95790959,13008,-0.229347761,-0.181872731
307,263801.4002,2744427.151,92.92422601,13030,-0.39713662,-0.325639666
308,263465.4093,2744386.687,92.89767837,13042,-0.230148317,-0.210931236
309,263819.5443,2744419.309,92.8838519,13048,-0.393313443,-0.32015033
310,263855.9223,2744388.377,92.80254741,13068,-0.392653364,-0.31459486
311,263268.1308,2744286.453,92.72133364,13097,-0.12563491,-0.115577073
312,263892.3902,2744342.197,92.72068668,13098,-0.372197723,-0.293855431
313,263657.1327,2744447.756,92.69943721,13107,-0.508030742,-0.452040536
314,263620.5739,2744449.462,92.67992893,13111,-0.417692463,-0.377519378
315,263763.9095,2744443.705,92.66136293,13115,-0.391263109,-0.326600985
316,263331.4172,2744245.777,92.62298282,13125,-0.152958376,-0.139483194
317,263491.2965,2744434.382,92.62199738,13126,-0.229140929,-0.209809322
318,263394.7035,2744205.101,92.52463199,13160,-0.213125314,-0.182687022
319,263637.786,2744456.468,92.39620001,13207,-0.421740074,-0.377357767
320,263708.9706,2744453.767,92.37081716,13211,-0.409128842,-0.351209714
321,263780.1551,2744451.066,92.34543431,13222,-0.382358982,-0.318021156
322,263798.2992,2744443.225,92.30506019,13238,-0.38400731,-0.316946918
323,263437.8374,2744339.531,92.29230416,13242,-0.225236519,-0.205960144
324,263816.4432,2744435.383,92.26468608,13246,-0.383830752,-0.314569057
325,263852.7314,2744419.699,92.18393784,13277,-0.374330445,-0.303249481
326,263889.1992,2744373.519,92.10207711,13307,-0.36311039,-0.289535264
327,263525.7209,2744448.394,92.05453954,13324,-0.234231153,-0.214226502
328,263925.6671,2744327.34,92.02021637,13340,-0.313966244,-0.247278022
329,264113.2562,2744296.588,91.80608284,13416,-0.162997604,-0.13210997
330,263670.2773,2744471.192,91.76434277,13436,-0.351444203,-0.30676012
331,263741.4618,2744468.491,91.73895991,13443,-0.367614306,-0.311217646
332,263560.1453,2744462.406,91.4870817,13539,-0.240861107,-0.219341228
333,263886.0083,2744404.841,91.48346754,13542,-0.35128069,-0.282783438
334,263922.4762,2744358.662,91.4016068,13566,-0.315404036,-0.250630738
335,264048.7349,2744328.43,91.39617453,13568,-0.191189347,-0.153927335
336,263702.7685,2744485.915,91.13248552,13664,-0.352147574,-0.303265021
337,263430.73,2744372.953,91.12932538,13666,-0.221027959,-0.202452354
338,263810.2411,2744467.531,91.02635443,13703,-0.36199814,-0.299785879
339,263846.5292,2744451.847,90.9456062,13730,-0.357817818,-0.292822248
340,263594.5696,2744476.418,90.91962386,13761,-0.256126616,-0.231749107
341,263919.2852,2744389.984,90.78299723,13806,-0.311350476,-0.249375866
342,264019.388,2744583.301,90.6564391,13848,-0.175668611,-0.146021167
343,263482.5045,2744468.344,90.57796338,13876,-0.220600564,-0.201473219
344,263986.1871,2744360.259,90.45848131,13914,-0.234016897,-0.187439328
345,263314.7511,2744315.97,90.15697651,14019,-0.144235164,-0.132686248
346,263378.0375,2744275.294,90.05862569,14053,-0.187142104,-0.171270738
347,263516.9289,2744482.356,90.01050554,14061,-0.225314366,-0.205341182
348,263948.1177,2744613.27,89.92341423,14090,-0.182427411,-0.152889757
349,263767.7509,2744515.362,89.86877102,14105,-0.319388623,-0.269899387
350,264175.7497,2744329.494,89.71656287,14158,-0.145078684,-0.118591498
351,263840.3271,2744483.995,89.70727456,14162,-0.333954271,-0.276015018
352,263912.9034,2744452.627,89.54577809,14224,-0.28745694,-0.233833257
353,264093.8168,2744552.537,89.52192336,14235,-0.167013648,-0.138148536
354,263551.3532,2744496.368,89.4430477,14273,-0.231886135,-0.210567438
355,263623.6858,2744521.92,89.39452993,14282,-0.257422721,-0.229635781
356,263972.2468,2744486.123,89.37791756,14291,-0.200559849,-0.164954388
357,264111.2284,2744361.336,89.30665456,14316,-0.164900794,-0.134241087
358,263979.8052,2744422.903,89.22126217,14342,-0.22200495,-0.180163879
359,263754.9041,2744578.439,89.21764261,14344,-0.239782284,-0.204966721
360,264031.5902,2744519.619,89.21005703,14347,-0.178189164,-0.147194802
361,263738.4273,2744703.644,89.10623479,14388,-0.184826166,-0.159706232
362,264039.1486,2744456.399,89.05340164,14411,-0.182690435,-0.14987367
363,263801.6727,2744673.939,89.04261192,14413,-0.191056444,-0.163672287
364,264046.7071,2744393.178,88.89674625,14472,-0.188468482,-0.153017942
365,263828.4002,2744547.46,88.80638916,14506,-0.255833548,-0.215524325
366,263900.9764,2744516.093,88.64489269,14552,-0.232947469,-0.19301437
367,263875.1688,2744642.961,88.63135847,14559,-0.189382485,-0.16050508
368,263742.0573,2744641.515,88.56651419,14575,-0.201640975,-0.173567926
369,263960.3199,2744549.589,88.47703216,14600,-0.188624239,-0.156733397
370,264163.9048,2744521.774,88.37762783,14628,-0.15802442,-0.130475929
371,264173.7579,2744393.794,88.31901443,14657,-0.14966736,-0.122660137
372,263815.5534,2744610.537,88.15526074,14716,-0.210287812,-0.17907684
373,263688.6682,2744551.367,88.13081543,14724,-0.274855941,-0.238421723
374,264101.6782,2744488.856,88.06576151,14753,-0.167345718,-0.137868027
375,263409.813,2744441.033,88.02831039,14763,-0.209876481,-0.192147689
376,264109.2366,2744425.636,87.90910612,14811,-0.165899963,-0.135931532
377,263889.0495,2744579.559,87.74400729,14869,-0.201192902,-0.169156324
378,263361.3715,2744345.487,87.59261939,14919,-0.19296181,-0.178011356
379,263675.8214,2744614.443,87.47968702,14953,-0.206111914,-0.1792221
380,263674.551,2744673.822,87.31939291,14994,-0.186937858,-0.162807244
381,264171.7661,2744458.093,86.92146598,15119,-0.155468301,-0.127938296
382,263557.7174,2744742.544,86.50016907,15244,-0.163745521,-0.145227698
383,263464.9204,2744536.268,86.48989539,15248,-0.201616964,-0.183436443
384,263537.253,2744561.82,86.44137762,15266,-0.2101975,-0.1900578
385,263609.5855,2744587.371,86.39285984,15281,-0.215110144,-0.191714822
386,263608.3152,2744646.75,86.23256574,15338,-0.187613582,-0.165861981
387,263607.0448,2744706.128,86.07227163,15376,-0.174630259,-0.15388748
388,263476.0615,2744731.179,85.37240211,15572,-0.157570225,-0.141207798
389,263454.3267,2744609.833,85.15331655,15634,-0.181890948,-0.164808055
390,263526.6593,2744635.385,85.10479878,15648,-0.184496134,-0.165706205
391,263525.3889,2744694.763,84.94450467,15684,-0.168939066,-0.15085293
392,263340.4545,2744413.567,84.4916044,15810,-0.191930181,-0.17604299
393,263392.229,2744508.957,83.94024241,15995,-0.192201156,-0.175343617
394,263443.733,2744683.399,83.81673771,16029,-0.161962186,-0.146022096
